-- --------------------------------------------------------
-- Host:                         127.0.0.1
-- Server version:               8.1.0 - MySQL Community Server - GPL
-- Server OS:                    Win64
-- HeidiSQL Version:             12.1.0.6537
-- --------------------------------------------------------

/*!40101 SET @OLD_CHARACTER_SET_CLIENT=@@CHARACTER_SET_CLIENT */;
/*!40101 SET NAMES utf8 */;
/*!50503 SET NAMES utf8mb4 */;
/*!40103 SET @OLD_TIME_ZONE=@@TIME_ZONE */;
/*!40103 SET TIME_ZONE='+00:00' */;
/*!40014 SET @OLD_FOREIGN_KEY_CHECKS=@@FOREIGN_KEY_CHECKS, FOREIGN_KEY_CHECKS=0 */;
/*!40101 SET @OLD_SQL_MODE=@@SQL_MODE, SQL_MODE='NO_AUTO_VALUE_ON_ZERO' */;
/*!40111 SET @OLD_SQL_NOTES=@@SQL_NOTES, SQL_NOTES=0 */;


-- Dumping database structure for presensi
CREATE DATABASE IF NOT EXISTS `presensi` /*!40100 DEFAULT CHARACTER SET utf8mb4 COLLATE utf8mb4_0900_ai_ci */ /*!80016 DEFAULT ENCRYPTION='N' */;
USE `presensi`;

-- Dumping structure for table presensi.administrator
CREATE TABLE IF NOT EXISTS `administrator` (
  `id_akun` int NOT NULL AUTO_INCREMENT,
  `usernames` varchar(50) NOT NULL DEFAULT '',
  `password` varchar(255) CHARACTER SET utf8mb4 COLLATE utf8mb4_0900_ai_ci DEFAULT NULL,
  `nama_lengkap` varchar(255) CHARACTER SET utf8mb4 COLLATE utf8mb4_0900_ai_ci NOT NULL,
  `profiles` varchar(300) CHARACTER SET latin1 COLLATE latin1_swedish_ci NOT NULL,
  PRIMARY KEY (`id_akun`)
) ENGINE=InnoDB AUTO_INCREMENT=3 DEFAULT CHARSET=utf8mb4 COLLATE=utf8mb4_0900_ai_ci;

-- Dumping data for table presensi.administrator: ~2 rows (approximately)
INSERT INTO `administrator` (`id_akun`, `usernames`, `password`, `nama_lengkap`, `profiles`) VALUES
	(1, 'admin01', '$2y$10$xNU6C2IdEudy5a6ENC6ZV.aR01BOu./toieVXuVPcSn0h0nnpXB8O', 'Iskandar Multadzim S.pd', 'profile-user.png'),
	(2, 'admin02', '$2y$10$KMmgQgrFy5WSm7jn3q.U7uGSMv4RXEI3d3gxJPgYxFVb6NUtnzEqS', 'Nurdullah Idnazah S,pd', 'profile-user.png');

-- Dumping structure for table presensi.ajaran
CREATE TABLE IF NOT EXISTS `ajaran` (
  `id` int NOT NULL AUTO_INCREMENT,
  `tahun` varchar(50) CHARACTER SET utf8mb4 COLLATE utf8mb4_0900_ai_ci DEFAULT NULL,
  `aktif` char(1) CHARACTER SET utf8mb4 COLLATE utf8mb4_0900_ai_ci DEFAULT '0',
  PRIMARY KEY (`id`)
) ENGINE=InnoDB AUTO_INCREMENT=12 DEFAULT CHARSET=utf8mb4 COLLATE=utf8mb4_0900_ai_ci;

-- Dumping data for table presensi.ajaran: ~5 rows (approximately)
INSERT INTO `ajaran` (`id`, `tahun`, `aktif`) VALUES
	(1, '2019/2020', '0'),
	(2, '2020/2021', '0'),
	(7, '2021/2022', '0'),
	(8, '2022/2023', '0'),
	(9, '2023/2024', '1');

-- Dumping structure for table presensi.jadwal_pengajar
CREATE TABLE IF NOT EXISTS `jadwal_pengajar` (
  `id_jadwal` varchar(50) COLLATE utf8mb3_unicode_ci NOT NULL DEFAULT 'AUTO_INCREMENT',
  `jenis_jadwal` varchar(30) CHARACTER SET utf8mb3 COLLATE utf8mb3_unicode_ci NOT NULL,
  `id_staff` varchar(100) CHARACTER SET utf8mb3 COLLATE utf8mb3_unicode_ci NOT NULL,
  `hari_mengajar` int NOT NULL,
  `mulai_mengajar` time NOT NULL,
  `akhir_mengajar` time NOT NULL,
  `kelas` varchar(50) CHARACTER SET utf8mb3 COLLATE utf8mb3_unicode_ci NOT NULL,
  `pelajaran` varchar(50) COLLATE utf8mb3_unicode_ci NOT NULL DEFAULT '',
  `semester` char(7) COLLATE utf8mb3_unicode_ci DEFAULT NULL,
  `tahun` char(9) CHARACTER SET utf8mb3 COLLATE utf8mb3_unicode_ci DEFAULT NULL,
  PRIMARY KEY (`id_jadwal`)
) ENGINE=InnoDB DEFAULT CHARSET=utf8mb3 COLLATE=utf8mb3_unicode_ci;

-- Dumping data for table presensi.jadwal_pengajar: ~183 rows (approximately)
INSERT INTO `jadwal_pengajar` (`id_jadwal`, `jenis_jadwal`, `id_staff`, `hari_mengajar`, `mulai_mengajar`, `akhir_mengajar`, `kelas`, `pelajaran`, `semester`, `tahun`) VALUES
	('10', 'A', 'AW', 2, '10:30:00', '11:50:00', 'XI MPLB 2', 'Pengelolaan Administrasi Umum', 'Genap', '2023/2024'),
	('100', 'A', 'BZ', 3, '10:30:00', '14:10:00', 'XI MPLB 1', 'Event Organizer', 'Genap', '2023/2024'),
	('101', 'A', 'BZ', 4, '07:30:00', '09:30:00', 'XI MPLB 2', 'Event Organizer', 'Genap', '2023/2024'),
	('102', 'A', 'BZ', 1, '12:50:00', '15:30:00', 'XI MPLB 3', 'Event Organizer', 'Genap', '2023/2024'),
	('103', 'A', 'BZ', 4, '08:50:00', '11:50:00', 'XI MPLB 1', 'Event Organizer', 'Genap', '2023/2024'),
	('104', 'A', 'BZ', 3, '10:30:00', '14:10:00', 'XI MPLB 2', 'Event Organizer', 'Genap', '2023/2024'),
	('105', 'A', 'BZ', 1, '08:10:00', '11:10:00', 'XI MPLB 3', 'Event Organizer', 'Genap', '2023/2024'),
	('106', 'A', 'AV', 3, '14:10:00', '15:30:00', 'XI MPLB 1', 'Komunikasi, Humas, Teknologi Perkantoran', 'Genap', '2023/2024'),
	('107', 'A', 'AV', 5, '08:00:00', '09:00:00', 'XI MPLB 1', 'Komunikasi, Humas, Teknologi Perkantoran', 'Genap', '2023/2024'),
	('108', 'A', 'AV', 2, '08:50:00', '10:30:00', 'XI MPLB 2', 'Komunikasi, Humas, Teknologi Perkantoran', 'Genap', '2023/2024'),
	('109', 'A', 'AV', 4, '13:30:00', '15:30:00', 'XI MPLB 2', 'Komunikasi, Humas, Teknologi Perkantoran', 'Genap', '2023/2024'),
	('11', 'A', 'AW', 5, '08:00:00', '08:50:00', 'XI MPLB 2', 'Pengelolaan Administrasi Umum', 'Genap', '2023/2024'),
	('110', 'A', 'AV', 5, '10:45:00', '11:45:00', 'XI MPLB 2', 'Komunikasi, Humas, Teknologi Perkantoran', 'Genap', '2023/2024'),
	('111', 'A', 'AV', 2, '10:30:00', '11:50:00', 'XI MPLB 3', 'Komunikasi, Humas, Teknologi Perkantoran', 'Genap', '2023/2024'),
	('112', 'A', 'AV', 3, '08:50:00', '10:30:00', 'XI MPLB 3', 'Komunikasi, Humas, Teknologi Perkantoran', 'Genap', '2023/2024'),
	('113', 'A', 'AV', 5, '12:30:00', '14:00:00', 'XI MPLB 3', 'Komunikasi, Humas, Teknologi Perkantoran', 'Genap', '2023/2024'),
	('114', 'A', 'AV', 2, '07:30:00', '08:50:00', 'XI MPLB 1', 'Komunikasi, Humas, Teknologi Perkantoran', 'Genap', '2023/2024'),
	('115', 'A', 'AV', 4, '07:30:00', '08:50:00', 'XI MPLB 1', 'Komunikasi, Humas, Teknologi Perkantoran', 'Genap', '2023/2024'),
	('116', 'A', 'AV', 2, '08:50:00', '10:30:00', 'XI MPLB 2', 'Komunikasi, Humas, Teknologi Perkantoran', 'Genap', '2023/2024'),
	('117', 'A', 'AV', 4, '13:30:00', '15:30:00', 'XI MPLB 2', 'Komunikasi, Humas, Teknologi Perkantoran', 'Genap', '2023/2024'),
	('118', 'A', 'AV', 5, '09:00:00', '10:15:00', 'XI MPLB 2', 'Komunikasi, Humas, Teknologi Perkantoran', 'Genap', '2023/2024'),
	('119', 'A', 'AV', 2, '14:10:00', '15:30:00', 'XI MPLB 3', 'Komunikasi, Humas, Teknologi Perkantoran', 'Genap', '2023/2024'),
	('12', 'A', 'AW', 4, '12:50:00', '14:10:00', 'XI MPLB 3', 'Pengelolaan Administrasi Umum', 'Genap', '2023/2024'),
	('120', 'A', 'AV', 3, '07:30:00', '08:50:00', 'XI MPLB 3', 'Komunikasi, Humas, Teknologi Perkantoran', 'Genap', '2023/2024'),
	('121', 'A', 'AV', 5, '12:30:00', '14:00:00', 'XI MPLB 3', 'Komunikasi, Humas, Teknologi Perkantoran', 'Genap', '2023/2024'),
	('126', 'B', 'AE', 4, '07:30:00', '09:30:00', 'XI MPLB 1', 'Matematika', 'Genap', '2023/2024'),
	('127', 'B', 'AE', 3, '13:30:00', '15:30:00', 'XI MPLB 2', 'Matematika', 'Genap', '2023/2024'),
	('128', 'B', 'AE', 3, '13:30:00', '15:30:00', 'XI MPLB 1', 'Matematika', 'Genap', '2023/2024'),
	('129', 'B', 'AE', 4, '09:50:00', '11:50:00', 'XI MPLB 2', 'Matematika', 'Genap', '2023/2024'),
	('13', 'A', 'AW', 5, '10:15:00', '11:15:00', 'XI MPLB 3', 'Pengelolaan Administrasi Umum', 'Genap', '2023/2024'),
	('130', 'B', 'AD', 4, '09:50:00', '11:10:00', 'XI MPLB 1', 'Olahraga', 'Genap', '2023/2024'),
	('131', 'B', 'AD', 3, '07:30:00', '08:50:00', 'XI MPLB 2', 'Olahraga', 'Genap', '2023/2024'),
	('132', 'B', 'AD', 5, '08:00:00', '09:00:00', 'XI MPLB 3', 'Olahraga', 'Genap', '2023/2024'),
	('133', 'B', 'AD', 5, '08:00:00', '09:00:00', 'XI MPLB 1', 'Olahraga', 'Genap', '2023/2024'),
	('134', 'B', 'AD', 2, '07:30:00', '08:50:00', 'XI MPLB 2', 'Olahraga', 'Genap', '2023/2024'),
	('135', 'B', 'AD', 5, '09:00:00', '10:15:00', 'XI MPLB 3', 'Olahraga', 'Genap', '2023/2024'),
	('136', 'B', 'AQ', 4, '11:10:00', '14:10:00', 'XI MPLB 1', 'Bahasa Inonesia', 'Genap', '2023/2024'),
	('137', 'B', 'AQ', 1, '11:10:00', '14:10:00', 'XI MPLB 1', 'Bahasa Inonesia', 'Genap', '2023/2024'),
	('138', 'A', 'K', 5, '09:00:00', '10:15:00', 'XI MPLB 1', 'Rapat', 'Genap', '2023/2024'),
	('139', 'A', 'K', 4, '10:30:00', '11:50:00', 'XI MPLB 2', 'Rapat', 'Genap', '2023/2024'),
	('14', 'B', 'CC', 1, '09:50:00', '11:10:00', 'XI MPLB 1', 'Bahasa Jawa', 'Genap', '2023/2024'),
	('140', 'A', 'K', 1, '10:30:00', '11:50:00', 'XI MPLB 3', 'Rapat', 'Genap', '2023/2024'),
	('141', 'A', 'K', 2, '08:50:00', '10:30:00', 'XI MPLB 1', 'Rapat', 'Genap', '2023/2024'),
	('142', 'A', 'K', 3, '14:10:00', '15:30:00', 'XI MPLB 2', 'Rapat', 'Genap', '2023/2024'),
	('143', 'B', 'K', 1, '14:10:00', '15:30:00', 'XI MPLB 3', 'Rapat', 'Genap', '2023/2024'),
	('144', 'A', 'AS', 5, '10:15:00', '11:45:00', 'XI MPLB 1', 'PKKWU Kejuruan', 'Genap', '2023/2024'),
	('145', 'A', 'AS', 5, '12:30:00', '14:00:00', 'XI MPLB 2', 'PKKWU Kejuruan', 'Genap', '2023/2024'),
	('146', 'A', 'AS', 1, '08:10:00', '10:30:00', 'XI MPLB 3', 'PKKWU Kejuruan', 'Genap', '2023/2024'),
	('147', 'A', 'AS', 5, '10:15:00', '11:45:00', 'XI MPLB 1', 'PKKWU Kejuruan', 'Genap', '2023/2024'),
	('148', 'A', 'AS', 5, '12:30:00', '14:00:00', 'XI MPLB 2', 'PKKWU Kejuruan', 'Genap', '2023/2024'),
	('149', 'A', 'AS', 1, '11:10:00', '14:10:00', 'XI MPLB 3', 'PKKWU Kejuruan', 'Genap', '2023/2024'),
	('15', 'B', 'CC', 2, '14:10:00', '15:30:00', 'XI MPLB 2', 'Bahasa Jawa', 'Genap', '2023/2024'),
	('150', 'A', 'Z', 1, '09:50:00', '11:50:00', 'XI MPLB 2', 'Pengelolaan Kearsipan', 'Genap', '2023/2024'),
	('151', 'A', 'Z', 3, '13:30:00', '15:30:00', 'XI MPLB 3', 'Pengelolaan Kearsipan', 'Genap', '2023/2024'),
	('152', 'A', 'Z', 1, '09:50:00', '11:50:00', 'XI MPLB 2', 'Pengelolaan Kearsipan', 'Genap', '2023/2024'),
	('153', 'A', 'Z', 3, '13:30:00', '15:30:00', 'XI MPLB 3', 'Pengelolaan Kearsipan', 'Genap', '2023/2024'),
	('154', 'B', 'CM', 3, '10:30:00', '13:30:00', 'XI MPLB 2', 'Bahasa Inonesia', 'Genap', '2023/2024'),
	('155', 'B', 'CM', 4, '07:30:00', '09:30:00', 'XI MPLB 3', 'Bahasa Inonesia', 'Genap', '2023/2024'),
	('156', 'B', 'CM', 4, '07:30:00', '09:30:00', 'XI MPLB 2', 'Bahasa Inonesia', 'Genap', '2023/2024'),
	('158', 'B', 'CR', 5, '08:00:00', '09:30:00', 'XI MPLB 2', 'Agama', 'Genap', '2023/2024'),
	('159', 'B', 'CR', 3, '10:30:00', '13:30:00', 'XI MPLB 3', 'Agama', 'Genap', '2023/2024'),
	('16', 'B', 'CC', 2, '07:30:00', '08:50:00', 'XI MPLB 3', 'Bahasa Jawa', 'Genap', '2023/2024'),
	('160', 'B', 'CR', 5, '10:15:00', '11:45:00', 'XI MPLB 2', 'Agama', 'Genap', '2023/2024'),
	('161', 'B', 'CR', 4, '07:30:00', '09:30:00', 'XI MPLB 3', 'Agama', 'Genap', '2023/2024'),
	('162', 'B', 'J', 4, '09:50:00', '11:50:00', 'XI MPLB 3', 'Matematika', 'Genap', '2023/2024'),
	('163', 'B', 'J', 1, '08:10:00', '10:30:00', 'XI BP', 'Matematika', 'Genap', '2023/2024'),
	('164', 'B', 'J', 5, '11:15:00', '13:30:00', 'XI BP', 'Matematika', 'Genap', '2023/2024'),
	('165', 'B', 'J', 4, '09:50:00', '11:50:00', 'XI MPLB 3', 'Matematika', 'Genap', '2023/2024'),
	('166', 'B', 'BJ', 1, '10:30:00', '13:30:00', 'XI BP', 'Bahasa Indonesia', 'Genap', '2023/2024'),
	('167', 'B', 'BJ', 3, '10:30:00', '13:30:00', 'XI BP', 'Bahasa Indonesia', 'Genap', '2023/2024'),
	('168', 'B', 'AC', 2, '10:30:00', '11:50:00', 'XI BP', 'BK', 'Genap', '2023/2024'),
	('169', 'B', 'BU', 1, '13:30:00', '14:50:00', 'XI RPL', 'BK', 'Genap', '2023/2024'),
	('17', 'B', 'CC', 1, '14:10:00', '15:30:00', 'XI MPLB 1', 'Bahasa Jawa', 'Genap', '2023/2024'),
	('170', 'B', 'AH', 2, '12:50:00', '14:10:00', 'XI BP', 'Bahasa Jawa', 'Genap', '2023/2024'),
	('171', 'B', 'AH', 5, '10:15:00', '11:15:00', 'XI BP', 'Bahasa Jawa', 'Genap', '2023/2024'),
	('172', 'B', 'AH', 1, '08:10:00', '09:30:00', 'XI RPL', 'Bahasa Jawa', 'Genap', '2023/2024'),
	('173', 'B', 'AH', 3, '07:30:00', '08:50:00', 'XI RPL', 'Bahasa Jawa', 'Genap', '2023/2024'),
	('174', 'B', 'BT', 2, '14:10:00', '15:30:00', 'XI BP', 'Sejarah', 'Genap', '2023/2024'),
	('175', 'B', 'BT', 4, '10:30:00', '11:50:00', 'XI BP', 'Sejarah', 'Genap', '2023/2024'),
	('176', 'B', 'BT', 1, '08:10:00', '11:50:00', 'XI BP', 'Bahasa Prancis', 'Genap', '2023/2024'),
	('177', 'B', 'BT', 4, '14:10:00', '15:30:00', 'XI BP', 'Bahasa Prancis', 'Genap', '2023/2024'),
	('178', 'B', 'BT', 5, '11:15:00', '14:00:00', 'XI RPL', 'Sejarah', 'Genap', '2023/2024'),
	('179', 'B', 'X', 3, '08:50:00', '10:30:00', 'XI BP', 'Olahraga', 'Genap', '2023/2024'),
	('18', 'B', 'CC', 2, '12:50:00', '14:10:00', 'XI MPLB 2', 'Bahasa Jawa', 'Genap', '2023/2024'),
	('180', 'B', 'X', 5, '08:00:00', '09:00:00', 'XI BP', 'Olahraga', 'Genap', '2023/2024'),
	('181', 'B', 'X', 3, '08:50:00', '10:30:00', 'XI RPL', 'Olahraga', 'Genap', '2023/2024'),
	('182', 'B', 'X', 4, '07:30:00', '08:50:00', 'XI RPL', 'Olahraga', 'Genap', '2023/2024'),
	('183', 'A', 'BQ', 1, '08:10:00', '15:30:00', 'XI RPL', 'Pemrograman Perangkat Bergerak', 'Genap', '2023/2024'),
	('184', 'A', 'BR', 2, '07:30:00', '15:30:00', 'XI RPL', 'Pemrograman Web', 'Genap', '2023/2024'),
	('185', 'A', 'BR', 3, '07:30:00', '15:30:00', 'XI RPL', 'Android', 'Genap', '2023/2024'),
	('186', 'A', 'BR', 4, '07:30:00', '14:10:00', 'XI RPL', 'Pemrograman Game', 'Genap', '2023/2024'),
	('187', 'A', 'BO', 4, '14:10:00', '15:30:00', 'XI RPL', 'Basis Data, PKKWU Kejuruan', 'Genap', '2023/2024'),
	('188', 'A', 'BO', 5, '08:00:00', '14:00:00', 'XI RPL', 'Basis Data, PKKWU Kejuruan', 'Genap', '2023/2024'),
	('189', 'B', 'CR', 1, '12:50:00', '15:30:00', 'XI BP', 'Agama', 'Genap', '2023/2024'),
	('19', 'B', 'CC', 2, '07:30:00', '08:50:00', 'XI MPLB 3', 'Bahasa Jawa', 'Genap', '2023/2024'),
	('190', 'B', 'CR', 2, '12:50:00', '15:30:00', 'XI BP', 'Agama', 'Genap', '2023/2024'),
	('191', 'B', 'CR', 4, '10:30:00', '14:10:00', 'XI BP', 'Agama', 'Genap', '2023/2024'),
	('192', 'A', 'BP', 5, '08:00:00', '14:00:00', 'XI BP', 'Naskah', 'Genap', '2023/2024'),
	('193', 'A', 'BP', 3, '12:50:00', '15:30:00', 'XI BP', 'Naskah', 'Genap', '2023/2024'),
	('194', 'A', 'CD', 2, '07:30:00', '11:50:00', 'XI BP', 'Editing', 'Genap', '2023/2024'),
	('195', 'A', 'CD', 3, '07:30:00', '11:50:00', 'XI BP', 'Editing', 'Genap', '2023/2024'),
	('196', 'A', 'CD', 5, '08:00:00', '10:15:00', 'XI BP', 'Editing', 'Genap', '2023/2024'),
	('197', 'B', 'CO', 2, '09:50:00', '13:30:00', 'XI RPL', 'Bahasa Inggris', 'Genap', '2023/2024'),
	('198', 'B', 'CO', 3, '12:50:00', '15:30:00', 'XI RPL', 'Bahasa Inggris', 'Genap', '2023/2024'),
	('199', 'B', 'AU', 2, '13:30:00', '15:30:00', 'XI RPL', 'Bahasa Indonesia', 'Genap', '2023/2024'),
	('2', 'A', 'AW', 1, '08:10:00', '09:30:00', 'XI MPLB 1', 'Pengelolaan Administrasi Umum', 'Genap', '2023/2024'),
	('20', 'B', 'W', 1, '11:10:00', '11:50:00', 'XI MPLB 1', 'BK', 'Genap', '2023/2024'),
	('200', 'B', 'AU', 5, '08:00:00', '09:30:00', 'XI RPL', 'Bahasa Indonesia', 'Genap', '2023/2024'),
	('201', 'B', 'E', 3, '10:30:00', '11:50:00', 'XI RPL', 'PP', 'Genap', '2023/2024'),
	('202', 'B', 'E', 4, '14:10:00', '15:30:00', 'XI RPL', 'PP', 'Genap', '2023/2024'),
	('203', 'B', 'M', 4, '11:10:00', '14:10:00', 'XI RPL', 'Matematika', 'Genap', '2023/2024'),
	('204', 'B', 'M', 5, '09:45:00', '11:15:00', 'XI RPL', 'Matematika', 'Genap', '2023/2024'),
	('205', 'B', 'CM', 3, '10:30:00', '13:30:00', 'XI MPLB 3', 'Bahasa Inonesia', 'Genap', '2023/2024'),
	('206', 'A', 'GH', 4, '20:00:00', '22:00:00', 'XI RPL', 'Basis Data, PKKWU Kejuruan', 'Genap', '2023/2024'),
	('207', 'A', 'GH', 4, '20:00:00', '21:00:00', 'XI BP', 'PKKWU Kejuruan', 'Genap', '2023/2024'),
	('208', 'B', 'GH', 4, '18:00:00', '19:30:00', 'XI MPLB 1', 'PKKWU', 'Genap', '2023/2024'),
	('209', 'B', 'GH', 4, '21:00:00', '22:00:00', 'XI RPL', 'PKKWU', 'Genap', '2023/2024'),
	('21', 'B', 'W', 4, '12:50:00', '13:30:00', 'XI MPLB 2', 'BK', 'Genap', '2023/2024'),
	('210', 'B', 'GH', 5, '06:38:00', '07:20:00', 'XI BP', 'PKKWU', 'Genap', '2023/2024'),
	('211', 'A', 'GH', 5, '20:00:00', '21:00:00', 'XI RPL', 'Rapat', 'Genap', '2023/2024'),
	('22', 'B', 'W', 5, '11:15:00', '11:45:00', 'XI MPLB 3', 'BK', 'Genap', '2023/2024'),
	('23', 'B', 'W', 3, '12:50:00', '13:30:00', 'XI MPLB 1', 'BK', 'Genap', '2023/2024'),
	('24', 'B', 'W', 4, '12:50:00', '13:30:00', 'XI MPLB 2', 'BK', 'Genap', '2023/2024'),
	('25', 'B', 'W', 5, '11:15:00', '11:45:00', 'XI MPLB 3', 'BK', 'Genap', '2023/2024'),
	('3', 'A', 'AW', 2, '07:30:00', '08:10:00', 'XI MPLB 2', 'Pengelolaan Administrasi Umum', 'Genap', '2023/2024'),
	('32', 'B', 'CG', 1, '12:50:00', '14:10:00', 'XI MPLB 1', 'Sejarah', 'Genap', '2023/2024'),
	('33', 'B', 'CG', 1, '14:10:00', '15:30:00', 'XI MPLB 2', 'Sejarah', 'Genap', '2023/2024'),
	('34', 'B', 'CG', 4, '14:10:00', '15:30:00', 'XI MPLB 3', 'Sejarah', 'Genap', '2023/2024'),
	('35', 'B', 'CG', 3, '10:30:00', '11:50:00', 'XI MPLB 1', 'Sejarah', 'Genap', '2023/2024'),
	('36', 'B', 'CG', 1, '14:10:00', '15:30:00', 'XI MPLB 2', 'Sejarah', 'Genap', '2023/2024'),
	('37', 'B', 'CG', 4, '14:10:00', '13:30:00', 'XI MPLB 3', 'Sejarah', 'Genap', '2023/2024'),
	('38', 'B', 'CP', 1, '14:10:00', '15:30:00', 'XI MPLB 1', 'Bahasa Inggris', 'Genap', '2023/2024'),
	('39', 'B', 'CP', 3, '08:50:00', '10:30:00', 'XI MPLB 1', 'Bahasa Inggris', 'Genap', '2023/2024'),
	('4', 'A', 'AW', 4, '14:10:00', '15:30:00', 'XI MPLB 1', 'Pengelolaan Administrasi Umum', 'Genap', '2023/2024'),
	('40', 'B', 'CP', 1, '12:50:00', '14:10:00', 'XI MPLB 2', 'Bahasa Inggris', 'Genap', '2023/2024'),
	('41', 'B', 'CP', 2, '10:30:00', '11:50:00', 'XI MPLB 2', 'Bahasa Inggris', 'Genap', '2023/2024'),
	('42', 'B', 'CP', 3, '07:30:00', '08:50:00', 'XI MPLB 3', 'Bahasa Inggris', 'Genap', '2023/2024'),
	('43', 'B', 'CP', 5, '09:00:00', '10:15:00', 'XI MPLB 3', 'Bahasa Inggris', 'Genap', '2023/2024'),
	('44', 'B', 'CP', 2, '07:30:00', '10:30:00', 'XI BP', 'Bahasa Inggris', 'Genap', '2023/2024'),
	('45', 'B', 'CP', 4, '07:30:00', '10:30:00', 'XI BP', 'Bahasa Inggris', 'Genap', '2023/2024'),
	('46', 'B', 'CP', 3, '07:30:00', '08:50:00', 'XI MPLB 1', 'Bahasa Inggris', 'Genap', '2023/2024'),
	('47', 'B', 'CP', 5, '09:00:00', '10:15:00', 'XI MPLB 1', 'Bahasa Inggris', 'Genap', '2023/2024'),
	('48', 'B', 'CP', 1, '12:50:00', '14:10:00', 'XI MPLB 2', 'Bahasa Inggris', 'Genap', '2023/2024'),
	('49', 'B', 'CP', 2, '14:10:00', '15:30:00', 'XI MPLB 2', 'Bahasa Inggris', 'Genap', '2023/2024'),
	('5', 'A', 'AW', 5, '09:45:00', '10:45:00', 'XI MPLB 2', 'Pengelolaan Administrasi Umum', 'Genap', '2023/2024'),
	('50', 'B', 'CP', 3, '11:10:00', '13:30:00', 'XI MPLB 3', 'Bahasa Inggris', 'Genap', '2023/2024'),
	('51', 'B', 'CP', 5, '08:00:00', '09:00:00', 'XI MPLB 3', 'Bahasa Inggris', 'Genap', '2023/2024'),
	('52', 'B', 'AO', 2, '07:30:00', '09:30:00', 'XI MPLB 1', 'Pendidikan Agama Islam', 'Genap', '2023/2024'),
	('53', 'B', 'AO', 1, '13:30:00', '15:30:00', 'XI BP', 'Pendidikan Agama Islam', 'Genap', '2023/2024'),
	('54', 'B', 'AO', 3, '13:30:00', '15:30:00', 'XI BP', 'Pendidikan Agama Islam', 'Genap', '2023/2024'),
	('55', 'B', 'AO', 2, '13:30:00', '15:30:00', 'XI MPLB 1', 'Pendidikan Agama Islam', 'Genap', '2023/2024'),
	('56', 'B', 'AO', 2, '07:30:00', '09:30:00', 'XI RPL', 'Pendidikan Agama Islam', 'Genap', '2023/2024'),
	('57', 'B', 'AO', 4, '08:50:00', '11:10:00', 'XI RPL', 'Pendidikan Agama Islam', 'Genap', '2023/2024'),
	('58', 'A', 'Z', 2, '09:50:00', '12:50:00', 'XI MPLB 1', 'Pengelolaan Kearsipan', 'Genap', '2023/2024'),
	('59', 'A', 'Z', 5, '12:30:00', '14:00:00', 'XI MPLB 1', 'Pengelolaan Kearsipan', 'Genap', '2023/2024'),
	('6', 'A', 'AW', 2, '14:10:00', '15:30:00', 'XI MPLB 3', 'Pengelolaan Administrasi Umum', 'Genap', '2023/2024'),
	('60', 'A', 'Z', 2, '10:30:00', '13:30:00', 'XI MPLB 1', 'Pengelolaan Kearsipan', 'Genap', '2023/2024'),
	('61', 'A', 'Z', 5, '12:30:00', '14:00:00', 'XI MPLB 1', 'Pengelolaan Kearsipan', 'Genap', '2023/2024'),
	('62', 'B', 'CG', 3, '07:30:00', '08:50:00', 'XI BP', 'Sejarah', 'Genap', '2023/2024'),
	('63', 'B', 'CG', 5, '09:00:00', '10:15:00', 'XI BP', 'Sejarah', 'Genap', '2023/2024'),
	('7', 'A', 'AW', 4, '12:50:00', '14:10:00', 'XI MPLB 3', 'Pengelolaan Administrasi Umum', 'Genap', '2023/2024'),
	('79', 'B', 'T', 2, '12:30:00', '14:10:00', 'XI MPLB 1', 'PKKWU', 'Genap', '2023/2024'),
	('8', 'A', 'AW', 1, '08:10:00', '09:30:00', 'XI MPLB 1', 'Pengelolaan Administrasi Umum', 'Genap', '2023/2024'),
	('80', 'B', 'T', 1, '08:10:00', '09:30:00', 'XI MPLB 2', 'PKKWU', 'Genap', '2023/2024'),
	('81', 'B', 'T', 5, '10:15:00', '11:15:00', 'XI MPLB 3', 'PKKWU', 'Genap', '2023/2024'),
	('82', 'B', 'T', 4, '12:50:00', '15:30:00', 'XI BP', 'PKKWU', 'Genap', '2023/2024'),
	('83', 'B', 'T', 4, '12:50:00', '14:10:00', 'XI MPLB 1', 'PKKWU', 'Genap', '2023/2024'),
	('84', 'B', 'T', 1, '08:10:00', '09:30:00', 'XI MPLB 2', 'PKKWU', 'Genap', '2023/2024'),
	('85', 'B', 'T', 2, '10:30:00', '11:50:00', 'XI MPLB 3', 'PKKWU', 'Genap', '2023/2024'),
	('86', 'B', 'T', 1, '09:50:00', '13:30:00', 'XI RPL', 'PKKWU', 'Genap', '2023/2024'),
	('88', 'B', 'BD', 2, '14:10:00', '15:30:00', 'XI MPLB 1', 'PP', 'Genap', '2023/2024'),
	('89', 'B', 'BD', 2, '12:50:00', '14:10:00', 'XI MPLB 2', 'PP', 'Genap', '2023/2024'),
	('9', 'A', 'AW', 4, '14:10:00', '15:30:00', 'XI MPLB 1', 'Pengelolaan Administrasi Umum', 'Genap', '2023/2024'),
	('90', 'B', 'BD', 2, '08:50:00', '10:30:00', 'XI MPLB 3', 'PP', 'Genap', '2023/2024'),
	('91', 'B', 'BD', 1, '09:50:00', '11:10:00', 'XI MPLB 1', 'PP', 'Genap', '2023/2024'),
	('92', 'B', 'BD', 3, '08:50:00', '10:30:00', 'XI MPLB 2', 'PP', 'Genap', '2023/2024'),
	('93', 'B', 'BD', 2, '08:50:00', '10:30:00', 'XI MPLB 3', 'PP', 'Genap', '2023/2024'),
	('94', 'A', 'BB', 3, '07:30:00', '08:50:00', 'XI MPLB 1', 'Ekonomi Bisnis', 'Genap', '2023/2024'),
	('95', 'A', 'BB', 3, '08:50:00', '10:30:00', 'XI MPLB 2', 'Ekonomi Bisnis', 'Genap', '2023/2024'),
	('96', 'A', 'BB', 2, '12:50:00', '14:10:00', 'XI MPLB 3', 'Ekonomi Bisnis', 'Genap', '2023/2024'),
	('97', 'A', 'BB', 3, '08:50:00', '10:30:00', 'XI MPLB 1', 'Ekonomi Bisnis', 'Genap', '2023/2024'),
	('98', 'A', 'BB', 3, '07:30:00', '08:50:00', 'XI MPLB 2', 'Ekonomi Bisnis', 'Genap', '2023/2024'),
	('99', 'A', 'BB', 2, '12:50:00', '14:10:00', 'XI MPLB 3', 'Ekonomi Bisnis', 'Genap', '2023/2024');

-- Dumping structure for table presensi.kelas
CREATE TABLE IF NOT EXISTS `kelas` (
  `id_kelas` int NOT NULL AUTO_INCREMENT,
  `code` varchar(50) CHARACTER SET utf8mb4 COLLATE utf8mb4_0900_ai_ci DEFAULT NULL,
  `kelas` varchar(100) NOT NULL,
  PRIMARY KEY (`id_kelas`),
  KEY `kelas` (`kelas`)
) ENGINE=InnoDB AUTO_INCREMENT=23 DEFAULT CHARSET=utf8mb4 COLLATE=utf8mb4_0900_ai_ci;

-- Dumping data for table presensi.kelas: ~5 rows (approximately)
INSERT INTO `kelas` (`id_kelas`, `code`, `kelas`) VALUES
	(13, 'KXI 01', 'XI MPLB 1'),
	(14, 'KXI 02', 'XI MPLB 2'),
	(15, 'KXI 03', 'XI MPLB 3'),
	(16, 'KXI 04', 'XI BP'),
	(22, 'KXI 05', 'XI RPL');

-- Dumping structure for table presensi.mapel
CREATE TABLE IF NOT EXISTS `mapel` (
  `id` int NOT NULL AUTO_INCREMENT,
  `id_buku` varchar(50) NOT NULL DEFAULT '',
  `nama_buku` varchar(50) DEFAULT NULL,
  `jenis` char(1) DEFAULT NULL,
  PRIMARY KEY (`id`)
) ENGINE=InnoDB AUTO_INCREMENT=30 DEFAULT CHARSET=utf8mb4 COLLATE=utf8mb4_0900_ai_ci;

-- Dumping data for table presensi.mapel: ~27 rows (approximately)
INSERT INTO `mapel` (`id`, `id_buku`, `nama_buku`, `jenis`) VALUES
	(1, 'BK 001', 'Agama', 'B'),
	(2, 'BK 002', 'Android', 'A'),
	(3, 'BK 003', 'Bahasa Indonesia', 'B'),
	(4, 'BK 004', 'Bahasa Inggris', 'B'),
	(5, 'BK 005', 'Bahasa Inonesia', 'B'),
	(6, 'BK 006', 'Bahasa Jawa', 'B'),
	(7, 'BK 007', 'Bahasa Prancis', 'B'),
	(8, 'BK 008', 'Basis Data, PKKWU Kejuruan', 'A'),
	(9, 'BK 009', 'BK', 'B'),
	(10, 'BK 010', 'Editing', 'A'),
	(11, 'BK 011', 'Ekonomi Bisnis', 'A'),
	(12, 'BK 012', 'Event Organizer', 'A'),
	(13, 'BK 013', 'Komunikasi, Humas, Teknologi Perkantoran', 'A'),
	(14, 'BK 014', 'Matematika', 'B'),
	(15, 'BK 015', 'Naskah', 'A'),
	(16, 'BK 016', 'Olahraga', 'B'),
	(17, 'BK 017', 'Pemrograman Game', 'A'),
	(18, 'BK 018', 'Pemrograman Perangkat Bergerak', 'A'),
	(19, 'BK 019', 'Pemrograman Web', 'A'),
	(20, 'BK 020', 'Pendidikan Agama Islam', 'B'),
	(21, 'BK 021', 'Pengelolaan Administrasi Umum', 'A'),
	(22, 'BK 022', 'Pengelolaan Kearsipan', 'A'),
	(23, 'BK 023', 'PKKWU', 'B'),
	(24, 'BK 024', 'PKKWU Kejuruan', 'A'),
	(25, 'BK 025', 'PP', 'B'),
	(26, 'BK 026', 'Rapat', 'A'),
	(27, 'BK 027', 'Sejarah', 'B');

-- Dumping structure for table presensi.semester
CREATE TABLE IF NOT EXISTS `semester` (
  `id` int NOT NULL AUTO_INCREMENT,
  `status` varchar(50) NOT NULL,
  `aktif` char(1) NOT NULL DEFAULT '',
  PRIMARY KEY (`id`)
) ENGINE=InnoDB AUTO_INCREMENT=3 DEFAULT CHARSET=utf8mb4 COLLATE=utf8mb4_0900_ai_ci;

-- Dumping data for table presensi.semester: ~2 rows (approximately)
INSERT INTO `semester` (`id`, `status`, `aktif`) VALUES
	(1, 'Ganjil', '0'),
	(2, 'Genap', '1');

-- Dumping structure for table presensi.tbl_pengguna
CREATE TABLE IF NOT EXISTS `tbl_pengguna` (
  `pengguna` varchar(100) CHARACTER SET utf8mb3 COLLATE utf8mb3_unicode_ci NOT NULL,
  `sandi` varchar(100) CHARACTER SET utf8mb3 COLLATE utf8mb3_unicode_ci NOT NULL,
  `id_pengguna` varchar(50) CHARACTER SET utf8mb3 COLLATE utf8mb3_unicode_ci NOT NULL,
  PRIMARY KEY (`pengguna`)
) ENGINE=InnoDB DEFAULT CHARSET=utf8mb3 COLLATE=utf8mb3_unicode_ci;

-- Dumping data for table presensi.tbl_pengguna: ~2 rows (approximately)
INSERT INTO `tbl_pengguna` (`pengguna`, `sandi`, `id_pengguna`) VALUES
	('AW', 'AW', 'AW'),
	('superadmin', 'superadmin123', '2');

-- Dumping structure for table presensi.tbl_siswa
CREATE TABLE IF NOT EXISTS `tbl_siswa` (
  `id_siswa` int NOT NULL AUTO_INCREMENT,
  `nama` varchar(100) CHARACTER SET utf8mb3 COLLATE utf8mb3_unicode_ci NOT NULL,
  `kelas` varchar(50) COLLATE utf8mb3_unicode_ci NOT NULL DEFAULT '0',
  `nis` varchar(50) CHARACTER SET utf8mb3 COLLATE utf8mb3_unicode_ci DEFAULT NULL,
  `status` char(1) CHARACTER SET utf8mb3 COLLATE utf8mb3_unicode_ci DEFAULT NULL,
  `gender` char(1) CHARACTER SET utf8mb3 COLLATE utf8mb3_unicode_ci DEFAULT NULL,
  `profiles` varchar(100) COLLATE utf8mb3_unicode_ci DEFAULT NULL,
  `angkatan` char(4) COLLATE utf8mb3_unicode_ci DEFAULT NULL,
  PRIMARY KEY (`id_siswa`)
) ENGINE=InnoDB AUTO_INCREMENT=418 DEFAULT CHARSET=utf8mb3 COLLATE=utf8mb3_unicode_ci;

-- Dumping data for table presensi.tbl_siswa: ~178 rows (approximately)
INSERT INTO `tbl_siswa` (`id_siswa`, `nama`, `kelas`, `nis`, `status`, `gender`, `profiles`, `angkatan`) VALUES
	(230, 'AFIFAH WAHYU LARASATI', 'XI MPLB 1', '17182', 'Y', 'P', 'profile-user.png', '2022'),
	(231, 'ALEXA NAWIRA AYUDYA', 'XI MPLB 1', '17183', 'Y', 'P', 'profile-user.png', '2022'),
	(232, 'ANDINI NISHFA LAILI RAMADHANI', 'XI MPLB 1', '17184', 'Y', 'P', 'profile-user.png', '2022'),
	(233, 'ANGEL AULIA LADY', 'XI MPLB 1', '17185', 'Y', 'P', 'profile-user.png', '2022'),
	(234, 'ANGGITA PUTRI NUGRAHANNY', 'XI MPLB 1', '17186', 'Y', 'P', 'profile-user.png', '2022'),
	(235, 'ANINDYA CANDRA WIJAYA', 'XI MPLB 1', '17187', 'Y', 'P', 'profile-user.png', '2022'),
	(236, 'APRILIA MIRANTIKA', 'XI MPLB 1', '17188', 'Y', 'P', 'profile-user.png', '2022'),
	(237, 'CANTIKA WULANDARI', 'XI MPLB 1', '17189', 'Y', 'P', 'profile-user.png', '2022'),
	(238, 'DEA ANJAS WIDIA TUTI', 'XI MPLB 1', '17190', 'Y', 'P', 'profile-user.png', '2022'),
	(239, 'DHESTIANY FEBIANDRA', 'XI MPLB 1', '17191', 'Y', 'P', 'profile-user.png', '2022'),
	(240, 'ECHA DAMAYANTI', 'XI MPLB 1', '17192', 'Y', 'P', 'profile-user.png', '2022'),
	(241, 'ELVINA PUTRI CANDRA', 'XI MPLB 1', '17193', 'Y', 'P', 'profile-user.png', '2022'),
	(242, 'ELZA ALISYA', 'XI MPLB 1', '17194', 'Y', 'P', 'profile-user.png', '2022'),
	(243, 'FATIMAH KHOIRUL NISA', 'XI MPLB 1', '17195', 'Y', 'P', 'profile-user.png', '2022'),
	(244, 'FEBRIANA SAPUTRI', 'XI MPLB 1', '17196', 'Y', 'P', 'profile-user.png', '2022'),
	(245, 'FEBRIANA SUCI NURHAYANI', 'XI MPLB 1', '17197', 'Y', 'P', 'profile-user.png', '2022'),
	(246, 'HERMAWATI PUTRI MAHARANI', 'XI MPLB 1', '17198', 'Y', 'P', 'profile-user.png', '2022'),
	(247, 'INAYA KALILA ROSADI', 'XI MPLB 1', '17199', 'Y', 'P', 'profile-user.png', '2022'),
	(248, 'ISNAINI WAHYU PRASETYO', 'XI MPLB 1', '17200', 'Y', 'P', 'profile-user.png', '2022'),
	(249, 'KEYSHA FADILLA OKTARANI', 'XI MPLB 1', '17201', 'Y', 'P', 'profile-user.png', '2022'),
	(250, 'LOVYKA ARDELIA MEILANY', 'XI MPLB 1', '17202', 'Y', 'P', 'profile-user.png', '2022'),
	(251, 'LULUK HENDI ARYANI', 'XI MPLB 1', '17203', 'Y', 'P', 'profile-user.png', '2022'),
	(252, 'NAFISYA HAYA EKA PUTRI', 'XI MPLB 1', '17204', 'Y', 'P', 'profile-user.png', '2022'),
	(253, 'NAJWA AZKA SALSABILA', 'XI MPLB 1', '17205', 'Y', 'P', 'profile-user.png', '2022'),
	(254, 'NATHANIELA ZAHRA NUGROHO', 'XI MPLB 1', '17206', 'Y', 'P', 'profile-user.png', '2022'),
	(255, 'NISA APRILIA MAULIDA', 'XI MPLB 1', '17207', 'Y', 'P', 'profile-user.png', '2022'),
	(256, 'NOVELIA FATNY NINGWIDYA', 'XI MPLB 1', '17208', 'Y', 'P', 'profile-user.png', '2022'),
	(257, 'OKTAVIA WULAN SAFITRI', 'XI MPLB 1', '17209', 'Y', 'P', 'profile-user.png', '2022'),
	(258, 'PETRINA MUTIA RAMADHANI', 'XI MPLB 1', '17210', 'Y', 'P', 'profile-user.png', '2022'),
	(259, 'QONITA NUR SIFA', 'XI MPLB 1', '17211', 'Y', 'P', 'profile-user.png', '2022'),
	(260, 'REVA UMI NURJANAH', 'XI MPLB 1', '17212', 'Y', 'P', 'profile-user.png', '2022'),
	(261, 'RISKA AMAURI PUTRI AMELIA', 'XI MPLB 1', '17213', 'Y', 'P', 'profile-user.png', '2022'),
	(262, 'RISKA BINTANG REVALINA', 'XI MPLB 1', '17214', 'Y', 'P', 'profile-user.png', '2022'),
	(263, 'TRI NURUL QOIRIYAH', 'XI MPLB 1', '17215', 'Y', 'P', 'profile-user.png', '2022'),
	(264, 'VIBI CAHAYA INDAH PERTIWI', 'XI MPLB 1', '17216', 'Y', 'P', 'profile-user.png', '2022'),
	(265, 'WULAN SUCI RAHMADANI', 'XI MPLB 1', '17217', 'Y', 'P', 'profile-user.png', '2022'),
	(266, 'AFILA FATIKHA IKHSA', 'XI MPLB 2', '17218', 'Y', 'P', 'profile-user.png', '2022'),
	(267, 'ALVINA CESAR PRAMESTI', 'XI MPLB 2', '17219', 'Y', 'P', 'profile-user.png', '2022'),
	(268, 'ANA SALSABILA', 'XI MPLB 2', '17220', 'Y', 'P', 'profile-user.png', '2022'),
	(269, 'ANANDICHA FITRI OKTA', 'XI MPLB 2', '17221', 'Y', 'P', 'profile-user.png', '2022'),
	(270, 'AULIA NUUR AN NISSA\'', 'XI MPLB 2', '17222', 'Y', 'P', 'profile-user.png', '2022'),
	(271, 'AZURE PUSPITASARI', 'XI MPLB 2', '17223', 'Y', 'P', 'profile-user.png', '2022'),
	(272, 'BERLINDA PUTRI DEVANTY HERLINAYADI', 'XI MPLB 2', '17224', 'Y', 'P', 'profile-user.png', '2022'),
	(273, 'CHESYA PUTRI SULISTYOWATI', 'XI MPLB 2', '17225', 'Y', 'P', 'profile-user.png', '2022'),
	(274, 'DELTA EVANZA AQUINO', 'XI MPLB 2', '17226', 'Y', 'P', 'profile-user.png', '2022'),
	(275, 'DEWI LESTARI', 'XI MPLB 2', '17227', 'Y', 'P', 'profile-user.png', '2022'),
	(276, 'DHEA NUR SITA SARI', 'XI MPLB 2', '17228', 'Y', 'P', 'profile-user.png', '2022'),
	(277, 'DINDA SONIA WARDANIKA', 'XI MPLB 2', '17229', 'Y', 'P', 'profile-user.png', '2022'),
	(278, 'FERNISA YASFA AQILLA', 'XI MPLB 2', '17230', 'Y', 'P', 'profile-user.png', '2022'),
	(279, 'GISELLA NUANSA ANDROMEDA', 'XI MPLB 2', '17231', 'Y', 'P', 'profile-user.png', '2022'),
	(280, 'HANIFAH ARSHI NUR AZHARI', 'XI MPLB 2', '17232', 'Y', 'P', 'profile-user.png', '2022'),
	(281, 'INGGY PERO HASWARAISLANNI', 'XI MPLB 2', '17233', 'Y', 'P', 'profile-user.png', '2022'),
	(282, 'KENIA NOVIYANTI', 'XI MPLB 2', '17234', 'Y', 'P', 'profile-user.png', '2022'),
	(283, 'KHUSNUL KHOWATIMI', 'XI MPLB 2', '17235', 'Y', 'P', 'profile-user.png', '2022'),
	(284, 'LAURA ANGGITA PUSPA', 'XI MPLB 2', '17236', 'Y', 'P', 'profile-user.png', '2022'),
	(285, 'LOLITA PUTRI RAMADANI', 'XI MPLB 2', '17237', 'Y', 'P', 'profile-user.png', '2022'),
	(286, 'LUCKY DERVIOLA', 'XI MPLB 2', '17238', 'Y', 'P', 'profile-user.png', '2022'),
	(287, 'MYSIA RIRIN AFRILIANI', 'XI MPLB 2', '17239', 'Y', 'P', 'profile-user.png', '2022'),
	(288, 'NAJWA SABRINA NUR AZ-ZAHRA', 'XI MPLB 2', '17240', 'Y', 'P', 'profile-user.png', '2022'),
	(289, 'NAZWA KOERUNISA', 'XI MPLB 2', '17241', 'Y', 'P', 'profile-user.png', '2022'),
	(290, 'PUPUS SETYAWATI', 'XI MPLB 2', '17242', 'Y', 'P', 'profile-user.png', '2022'),
	(291, 'RATIH FIANTIKA RISMA AYUNINGTYAS', 'XI MPLB 2', '17243', 'Y', 'P', 'profile-user.png', '2022'),
	(292, 'SHAFA AFIFAH', 'XI MPLB 2', '17244', 'Y', 'P', 'profile-user.png', '2022'),
	(293, 'SHERLI DWI YUNIANTI', 'XI MPLB 2', '17245', 'Y', 'P', 'profile-user.png', '2022'),
	(294, 'SISKA RAMADHANI', 'XI MPLB 2', '17246', 'Y', 'P', 'profile-user.png', '2022'),
	(295, 'SUCI AYUNINGTYAS PRAMESWARI', 'XI MPLB 2', '17247', 'Y', 'P', 'profile-user.png', '2022'),
	(296, 'TIARA INDAN MAHARANI', 'XI MPLB 2', '17248', 'Y', 'P', 'profile-user.png', '2022'),
	(297, 'VIA WAHYU NING TYAS', 'XI MPLB 2', '17249', 'Y', 'P', 'profile-user.png', '2022'),
	(298, 'VIANTIKA DELLA GITHA PERDANA', 'XI MPLB 2', '17250', 'Y', 'P', 'profile-user.png', '2022'),
	(299, 'VINA JULIA RAHMAWATI', 'XI MPLB 2', '17251', 'Y', 'P', 'profile-user.png', '2022'),
	(300, 'YALFI LIONA RIANTY', 'XI MPLB 2', '17252', 'Y', 'P', 'profile-user.png', '2022'),
	(301, 'ZAHRA \'AINUN ISLAMI PUTRIANTI', 'XI MPLB 2', '17253', 'Y', 'P', 'profile-user.png', '2022'),
	(302, 'ADINDA CITISA BELA', 'XI MPLB 3', '17254', 'Y', 'P', 'profile-user.png', '2022'),
	(303, 'AGISNA CAHYA GRISELDA', 'XI MPLB 3', '17255', 'Y', 'P', 'profile-user.png', '2022'),
	(304, 'AMELIA NADIANTI', 'XI MPLB 3', '17256', 'Y', 'P', 'profile-user.png', '2022'),
	(305, 'AMELIANNA NUR MUKHARAMAH', 'XI MPLB 3', '17257', 'Y', 'P', 'profile-user.png', '2022'),
	(306, 'CINDY TRI HAPSARI', 'XI MPLB 3', '17258', 'Y', 'P', 'profile-user.png', '2022'),
	(307, 'DESFITA ETIKASARI', 'XI MPLB 3', '17259', 'Y', 'P', 'profile-user.png', '2022'),
	(308, 'DEVA SURYA KRISTIAWAN', 'XI MPLB 3', '17260', 'Y', 'P', 'profile-user.png', '2022'),
	(309, 'DEVINA SEPTIYA RIYANTI', 'XI MPLB 3', '17261', 'Y', 'P', 'profile-user.png', '2022'),
	(310, 'DEVINTA AULIASARI', 'XI MPLB 3', '17262', 'Y', 'P', 'profile-user.png', '2022'),
	(311, 'DIVA NUR CAHAYA', 'XI MPLB 3', '17263', 'Y', 'P', 'profile-user.png', '2022'),
	(312, 'ELIKA MAESA AGRIPPINA', 'XI MPLB 3', '17264', 'Y', 'P', 'profile-user.png', '2022'),
	(313, 'ERVANIA ELI EKAWATI', 'XI MPLB 3', '17265', 'Y', 'P', 'profile-user.png', '2022'),
	(314, 'FABIOLA CHELSY FELISHA PUTRI SETYAKA', 'XI MPLB 3', '17266', 'Y', 'P', 'profile-user.png', '2022'),
	(315, 'FITRIA NUR AHSANNI', 'XI MPLB 3', '17267', 'Y', 'P', 'profile-user.png', '2022'),
	(316, 'HASTA WINURSITA', 'XI MPLB 3', '17268', 'Y', 'P', 'profile-user.png', '2022'),
	(317, 'IBRAHIM WIRA WASISTHA', 'XI MPLB 3', '17269', 'Y', 'L', 'profile-user.png', '2022'),
	(318, 'IVY PURWANTO PUTRI', 'XI MPLB 3', '17270', 'Y', 'P', 'profile-user.png', '2022'),
	(319, 'KARINA AYU PUTRI PRAYOGO', 'XI MPLB 3', '17271', 'Y', 'P', 'profile-user.png', '2022'),
	(320, 'KAYLA DINDA ALFAZA', 'XI MPLB 3', '17272', 'Y', 'P', 'profile-user.png', '2022'),
	(321, 'KESYA ERNESTIN FELDA', 'XI MPLB 3', '17273', 'Y', 'P', 'profile-user.png', '2022'),
	(322, 'MEIDINA LESTI UNTARI', 'XI MPLB 3', '17274', 'Y', 'P', 'profile-user.png', '2022'),
	(323, 'MUTIARA GALUH SEKAR KINANTI', 'XI MPLB 3', '17275', 'Y', 'P', 'profile-user.png', '2022'),
	(324, 'NANDA ZAHRA ARIANA', 'XI MPLB 3', '17276', 'Y', 'P', 'profile-user.png', '2022'),
	(325, 'NATALIA HERVINA KRISTIANTI', 'XI MPLB 3', '17277', 'Y', 'P', 'profile-user.png', '2022'),
	(326, 'NEZA AFRIA LESTARI', 'XI MPLB 3', '17278', 'Y', 'P', 'profile-user.png', '2022'),
	(327, 'NURDIANA WAHYU PRATIWI', 'XI MPLB 3', '17279', 'Y', 'P', 'profile-user.png', '2022'),
	(328, 'PUJEY AYU LESTARI', 'XI MPLB 3', '17280', 'Y', 'P', 'profile-user.png', '2022'),
	(329, 'RAFADILLA APRILIANKA', 'XI MPLB 3', '17281', 'Y', 'P', 'profile-user.png', '2022'),
	(330, 'RANDI', 'XI MPLB 3', '17282', 'Y', 'L', 'profile-user.png', '2022'),
	(331, 'RHEINA AURELLI BAGTTI', 'XI MPLB 3', '17283', 'Y', 'P', 'profile-user.png', '2022'),
	(332, 'RIVENA AULIA GIANTHA', 'XI MPLB 3', '17284', 'Y', 'P', 'profile-user.png', '2022'),
	(333, 'STEFANI PUTRI HERIYANTO', 'XI MPLB 3', '17285', 'Y', 'P', 'profile-user.png', '2022'),
	(334, 'SYIFA AULIA DESTIRANI PUTRI', 'XI MPLB 3', '17286', 'Y', 'P', 'profile-user.png', '2022'),
	(335, 'VALENTYANITA CHRISTY WIDIYANTO', 'XI MPLB 3', '17287', 'Y', 'P', 'profile-user.png', '2022'),
	(336, 'ZEFANYA NADYA SURYANI', 'XI MPLB 3', '17288', 'Y', 'P', 'profile-user.png', '2022'),
	(337, 'ALVIANO ALLEN CHRISTIAN KUSRARYO', 'XI BP', '17540', 'Y', 'P', 'profile-user.png', '2022'),
	(338, 'AMELIA KRIAN TRINITA', 'XI BP', '17541', 'Y', 'P', 'profile-user.png', '2022'),
	(339, 'ARMANDIO RIZKY KURNIA PUTRA', 'XI BP', '17542', 'Y', 'L', 'profile-user.png', '2022'),
	(340, 'ARUM PUJI ASTUTI', 'XI BP', '17543', 'Y', 'P', 'profile-user.png', '2022'),
	(341, 'ATTALAH RIZKY HARY SAPUTRA', 'XI BP', '17544', 'Y', 'L', 'profile-user.png', '2022'),
	(342, 'AUDY LYRISSA ANGGRIDA', 'XI BP', '17545', 'Y', 'P', 'profile-user.png', '2022'),
	(343, 'AZZARO AKBAR SATRIA PAMUNGKAS', 'XI BP', '17546', 'Y', 'L', 'profile-user.png', '2022'),
	(344, 'CHRISTIAN OCTAVINO', 'XI BP', '17547', 'Y', 'L', 'profile-user.png', '2022'),
	(345, 'DANIEL WAHYU SETYAWAN', 'XI BP', '17548', 'Y', 'L', 'profile-user.png', '2022'),
	(346, 'DEVY ARTIKASARI', 'XI BP', '17549', 'Y', 'P', 'profile-user.png', '2022'),
	(347, 'DILAN ATTALA RIZKIANTO', 'XI BP', '17550', 'Y', 'L', 'profile-user.png', '2022'),
	(348, 'ERINA NUR KARTIKASARI', 'XI BP', '17551', 'Y', 'P', 'profile-user.png', '2022'),
	(349, 'FABIAN ROZAQ PAMUNGKAS', 'XI BP', '17552', 'Y', 'L', 'profile-user.png', '2022'),
	(350, 'FAIZ HAKIM AGRIANTA', 'XI BP', '17553', 'Y', 'L', 'profile-user.png', '2022'),
	(351, 'GOVYN JOSE OXCELLIANDO BAGUS H', 'XI BP', '17554', 'Y', 'L', 'profile-user.png', '2022'),
	(352, 'GRACIA KASIH NOVARIESCHA', 'XI BP', '17555', 'Y', 'P', 'profile-user.png', '2022'),
	(353, 'JAGADHITA SADIYA ADRISCAYA', 'XI BP', '17556', 'Y', 'P', 'profile-user.png', '2022'),
	(354, 'KHANSA MALIKI PERWIRA', 'XI BP', '17557', 'Y', 'L', 'profile-user.png', '2022'),
	(355, 'MAULIA WAHYU ARIYANTI', 'XI BP', '17558', 'Y', 'P', 'profile-user.png', '2022'),
	(356, 'MAURILA ZADIDIA GISYAM', 'XI BP', '17559', 'Y', 'P', 'profile-user.png', '2022'),
	(357, 'MIFTAHUL ALIFAH', 'XI BP', '17560', 'Y', 'P', 'profile-user.png', '2022'),
	(358, 'MUHAMMAD BILAL KHOIR RIYANTO', 'XI BP', '17561', 'Y', 'L', 'profile-user.png', '2022'),
	(359, 'NAIFA ASLA FAIRUZ', 'XI BP', '17562', 'Y', 'P', 'profile-user.png', '2022'),
	(360, 'OTIANA TRI AVIANZA', 'XI BP', '17563', 'Y', 'P', 'profile-user.png', '2022'),
	(361, 'QODDASA ANANDA NAFILA', 'XI BP', '17564', 'Y', 'P', 'profile-user.png', '2022'),
	(362, 'RAIHAN DWI ANDHIKA', 'XI BP', '17565', 'Y', 'L', 'profile-user.png', '2022'),
	(363, 'SANDRA DZAKIYYATUNNISA RACHMADANY', 'XI BP', '17566', 'Y', 'P', 'profile-user.png', '2022'),
	(364, 'SEVILLA DWI NURMALA', 'XI BP', '17567', 'Y', 'P', 'profile-user.png', '2022'),
	(365, 'VANYA NUR ADINDA', 'XI BP', '17568', 'Y', 'P', 'profile-user.png', '2022'),
	(366, 'VIDYANSYACH WIDYAPRATAMA', 'XI BP', '17569', 'Y', 'L', 'profile-user.png', '2022'),
	(367, 'WIKANESTRI PARAMITA', 'XI BP', '17570', 'Y', 'P', 'profile-user.png', '2022'),
	(368, 'WILSON WILWA TIKTA', 'XI BP', '17571', 'Y', 'L', 'profile-user.png', '2022'),
	(369, 'YOHANES PASKAH REINT', 'XI BP', '17572', 'Y', 'P', 'profile-user.png', '2022'),
	(370, 'YOLANDA MUSTIKA DEWANATA', 'XI BP', '17573', 'Y', 'P', 'profile-user.png', '2022'),
	(371, 'YULFA NUR ANISA', 'XI BP', '17574', 'Y', 'P', 'profile-user.png', '2022'),
	(372, 'ZAHRA FUTUHATULILAHIYAH HANIN', 'XI BP', '17575', 'Y', 'P', 'profile-user.png', '2022'),
	(373, 'ACHMAD DANIEL', 'XI RPL', '17576', 'Y', 'L', 'profile-user.png', '2022'),
	(374, 'ALENA AZZAHRA PUTRI HALIYONO', 'XI RPL', '17577', 'Y', 'P', 'profile-user.png', '2022'),
	(375, 'ALFIN ZULFIKAR MULIAWAN', 'XI RPL', '17578', 'Y', 'L', 'profile-user.png', '2022'),
	(376, 'AMELIA SALSABILA', 'XI RPL', '17579', 'Y', 'P', 'profile-user.png', '2022'),
	(377, 'ANDRA SETYAWAN', 'XI RPL', '17580', 'Y', 'L', 'profile-user.png', '2022'),
	(378, 'ARIF SETYO WICAKSONO', 'XI RPL', '17581', 'Y', 'L', 'profile-user.png', '2022'),
	(379, 'DANUAR ILHAM KURNYAWAN', 'XI RPL', '17583', 'Y', 'L', 'profile-user.png', '2022'),
	(380, 'DAVIN DESSIANO', 'XI RPL', '17584', 'Y', 'L', 'profile-user.png', '2022'),
	(381, 'ENO SITI MUTMA\'INAH', 'XI RPL', '17585', 'Y', 'P', 'profile-user.png', '2022'),
	(382, 'FAHRI SULAIMAN WAHAB', 'XI RPL', '17586', 'Y', 'L', 'profile-user.png', '2022'),
	(383, 'FAHRUL ALFRIAN PERMANA JATI', 'XI RPL', '17587', 'Y', 'L', 'profile-user.png', '2022'),
	(384, 'GIO UTRA UTAMA', 'XI RPL', '17588', 'Y', 'L', 'profile-user.png', '2022'),
	(385, 'JESSICA AUREL CLARISTA', 'XI RPL', '17589', 'Y', 'P', 'profile-user.png', '2022'),
	(386, 'JONATHAN COSTANTINE DENIMO', 'XI RPL', '17590', 'Y', 'L', 'profile-user.png', '2022'),
	(387, 'KHOIRUL ROHIM ARIF RIFA\'I', 'XI RPL', '17591', 'Y', 'L', 'profile-user.png', '2022'),
	(388, 'LIDYA DEVINA', 'XI RPL', '17592', 'Y', 'P', 'profile-user.png', '2022'),
	(389, 'MAHOGA DAFFA PRATAMA', 'XI RPL', '17593', 'Y', 'L', 'profile-user.png', '2022'),
	(390, 'MARCELLINO ANDREAS SAPUTRA', 'XI RPL', '17594', 'Y', 'L', 'profile-user.png', '2022'),
	(391, 'MARSHAL PASHA KURNIAWAN', 'XI RPL', '17595', 'Y', 'L', 'profile-user.png', '2022'),
	(392, 'MAULIDYA NURUL MUHARROMAH', 'XI RPL', '17596', 'Y', 'P', 'profile-user.png', '2022'),
	(393, 'MAWAR JULIA AYUNINGTYAS', 'XI RPL', '17597', 'Y', 'P', 'profile-user.png', '2022'),
	(394, 'MEILISYA PUTRI KINANTI', 'XI RPL', '17598', 'Y', 'P', 'profile-user.png', '2022'),
	(395, 'MOCH RASYA IRGAN PUTRA', 'XI RPL', '17599', 'Y', 'L', 'profile-user.png', '2022'),
	(396, 'MOCHAMMAD SAGARA DHYLAN PARAMARAJA R', 'XI RPL', '17600', 'Y', 'L', 'profile-user.png', '2022'),
	(397, 'MUHAMMAD ABEL FAVIAN FADEY', 'XI RPL', '17601', 'Y', 'L', 'profile-user.png', '2022'),
	(398, 'MUHAMMAD AQIEL ADHI RAJENDRA', 'XI RPL', '17602', 'Y', 'L', 'profile-user.png', '2022'),
	(399, 'MUHAMMAD ARIEF HERMAWAN', 'XI RPL', '17603', 'Y', 'L', 'profile-user.png', '2022'),
	(400, 'NICHOLAS DANNY UTOMO', 'XI RPL', '17604', 'Y', 'L', 'profile-user.png', '2022'),
	(401, 'NITIS AJI TIRTA WENING RESPATI', 'XI RPL', '17605', 'Y', 'L', 'profile-user.png', '2022'),
	(402, 'PAUNDRA YUDHA DHARMAWAN', 'XI RPL', '17606', 'Y', 'L', 'profile-user.png', '2022'),
	(403, 'PUTRA SAWUNG JAGAD', 'XI RPL', '17607', 'Y', 'L', 'profile-user.png', '2022'),
	(404, 'RAMADHANI KIRANA RENDRA', 'XI RPL', '17608', 'Y', 'P', 'profile-user.png', '2022'),
	(405, 'SMIRNA PUTRI SEKTI KUSUMA ANJANI', 'XI RPL', '17609', 'Y', 'P', 'profile-user.png', '2022'),
	(406, 'VALESIA VITA ROSIANA', 'XI RPL', '17610', 'Y', 'P', 'profile-user.png', '2022'),
	(407, 'YONASPUTRA DIAS ERLANGGA', 'XI RPL', '17611', 'Y', 'L', 'profile-user.png', '2022');

-- Dumping structure for table presensi.tbl_staff
CREATE TABLE IF NOT EXISTS `tbl_staff` (
  `id_staff` varchar(100) CHARACTER SET utf8mb3 COLLATE utf8mb3_unicode_ci NOT NULL DEFAULT '0',
  `nama` varchar(100) CHARACTER SET utf8mb3 COLLATE utf8mb3_unicode_ci NOT NULL,
  `jabatan` varchar(100) CHARACTER SET utf8mb3 COLLATE utf8mb3_unicode_ci NOT NULL DEFAULT 'Guru',
  `tipe` varchar(100) CHARACTER SET utf8mb3 COLLATE utf8mb3_unicode_ci NOT NULL DEFAULT 'Pengajar',
  `email` varchar(255) CHARACTER SET utf8mb3 COLLATE utf8mb3_unicode_ci DEFAULT NULL,
  `status` varchar(1) CHARACTER SET utf8mb3 COLLATE utf8mb3_unicode_ci DEFAULT NULL,
  `profil` varchar(255) CHARACTER SET utf8mb3 COLLATE utf8mb3_unicode_ci DEFAULT NULL,
  `password` varchar(255) CHARACTER SET utf8mb3 COLLATE utf8mb3_unicode_ci DEFAULT NULL,
  `nickname` varchar(255) CHARACTER SET utf8mb3 COLLATE utf8mb3_unicode_ci DEFAULT NULL,
  PRIMARY KEY (`id_staff`)
) ENGINE=InnoDB DEFAULT CHARSET=utf8mb3 COLLATE=utf8mb3_unicode_ci;

-- Dumping data for table presensi.tbl_staff: ~36 rows (approximately)
INSERT INTO `tbl_staff` (`id_staff`, `nama`, `jabatan`, `tipe`, `email`, `status`, `profil`, `password`, `nickname`) VALUES
	('AD', 'Iddo Christiana, S.Pd. M.Pd', 'Guru', 'Pengajar', 'iddo.christiana@smk6solo.sch.id', 'Y', 'profilguru.png', '$2y$10$JOPoTMGFXZgrQPhiIF/Dc.Sq4g1s/2d3OZNILEbmuAF5lJl6PL4mq', NULL),
	('AE', 'Yudi Cahya Ariyanto, S.Pd. M.Pd', 'Guru', 'Pengajar', 'yudi.cahya.ariyanto@smk6solo.sch.id', 'Y', 'profilguru.png', '$2y$10$uxC533EtQEUv9L8jwwLTGehqEx3.I6sgs6yT8rDDd1okkKtzOSnX6', NULL),
	('AH', 'Tri Purwadi, S.Pd', 'Guru', 'Pengajar', 'tri.purwadi@smk6solo.sch.id', 'Y', 'profilguru.png', '$2y$10$Z2yRjRjPhZM249.kM.ZLsOAnz2zmoqNYZChcGMjaDExF3uHG2CLeK', NULL),
	('AO', 'Muhammad Syaifudin, S.Pd.I', 'Guru', 'Pengajar', 'muhammad.syaifudin@smk6solo.sch.id', 'Y', 'profilguru.png', '$2y$10$TL0rdbDZxws6Qp07VSIiGubZPVB74R3I1T3NxEgmpA6CFLeka6jt.', NULL),
	('AQ', 'Murtini Rahmawati, S.Pd', 'Guru', 'Pengajar', 'murtini.rahmawati@smk6solo.sch.id', 'N', 'profilguru.png', '$2y$10$Qv9xkFqJXC4.A0N0uU0jvebQuJhitu4k.J6Ia9t.iZ2898QRftqSO', NULL),
	('AS', 'Suprapti, S.Pd', 'Guru', 'Pengajar', 'suprapti@smk6solo.sch.id', 'Y', 'profilguru.png', '$2y$10$mRPcl/oL97Qo1C/6KBfppeCrRMN2o1Fnl1cj060swGZDoZUQpe6A2', NULL),
	('AU', 'Dra. Sri Kisnaheni', 'Guru', 'Pengajar', 'sri.kisnaheni@smk6solo.sch.id', 'Y', 'profilguru.png', '$2y$10$vuBgqDzu.cBMgreIE8N54ecAltC1cfdvoUEVvhjYDb2s.s3BZaLdy', NULL),
	('AV', 'Sri Handayani, S.Pd, M.Pd', 'Guru', 'Pengajar', 'sri.handayani@smk6solo.sch.id', 'Y', 'profilguru.png', '$2y$10$rnpXntDQaOLBItm52.Y8IOLtZkGvfBizN8ZTOSI4YjjyOV07/3cty', NULL),
	('AW', 'Emie Wahjuningsih, S.Pd', 'Guru', 'Pengajar', 'emie.wahjuningsih@smk6solo.sch.id', 'Y', 'profilguru.png', '$2y$10$ULL2v56NRdqDeksOyBASIuruS0FcriTLTkHEeug/ddEtsdfPJOMAS', NULL),
	('BB', 'Nurul Yuhana, S.Pd. M.Si', 'Guru', 'Pengajar', 'nurul.yuhana@smk6solo.sch.id', 'Y', 'profilguru.png', '$2y$10$XM7../6A2/4Fl.lac54PY.lDFKtqb3eXg3ENKL0rwRd5p6jFGCT5y', NULL),
	('BD', 'Nuning Sri Satitik Murwatiningsih, S.Pd', 'Guru', 'Pengajar', 'nuning.sri.satitik.murwatiningsih@smk6solo.sch.id', 'Y', 'profilguru.png', '$2y$10$bK8QfhJ/dShV1CesmYgwRu6OJSiV5nImc19jyszYRjKwswU/WKDmy', NULL),
	('BJ', 'Novi Iswandari', 'Guru', 'Pengajar', 'novi.iswandari@smk6solo.sch.id', 'Y', 'profilguru.png', '$2y$10$EHLfC0syDgkzuVltPW4Gl.GExrrlMyOgQ2EA1Kp5x9qiF4//4c3ce', NULL),
	('BO', 'Ratnawati, S.Pd', 'Guru', 'Pengajar', 'ratnawati@smk6solo.sch.id', 'Y', 'profilguru.png', '$2y$10$aCWlm.BibvOvYxrCAeevJOJdroPJDR0Zby8fjAPyzauIh6.sNlIz2', NULL),
	('BP', 'Bertha Galuhandini, S.Sn', 'Guru', 'Pengajar', 'bertha.galuhandini@smk6solo.sch.id', 'Y', 'profilguru.png', '$2y$10$KBY37rtsIAWfeq9QZZ53Ae9wPYScKrtajH783ooidlZF.TaLE4pbC', NULL),
	('BQ', 'Arif Joko Sukatmo, S.Kom', 'Guru', 'Pengajar', 'arif.joko.sukatmo@smk6solo.sch.id', 'Y', 'profilguru.png', '$2y$10$GjTPQ1gB/89Ei/8iKbAaruKI6dd3YzbtUwI4XYXCr/aOCrh2kcplu', NULL),
	('BR', 'Binar Aris Purwaka, S.Kom', 'Guru', 'Pengajar', 'binar.aris.purwaka@smk6solo.sch.id', 'Y', 'profilguru.png', '$2y$10$1tVtRxMEeRc32BMPrnvCVOkdNt1nFGmDz3Kr8lbUyoSlEZAtu6QAm', NULL),
	('BT', 'Sri Setyaningsih, S.Pd.', 'Guru', 'Pengajar', 'sri.setyaningsih@smk6solo.sch.id', 'Y', 'profilguru.png', '$2y$10$CXiTGC3yvUJ/ZJl56UCju.YnNqkBbwWGIdPCkTZKvTKspgzDnJL2i', NULL),
	('BU', 'Era Sukmawati, S.Psi.', 'Guru', 'Pengajar', 'era.sukmawati@smk6solo.sch.id', 'Y', 'profilguru.png', '$2y$10$yBw9sISvcTG7mGuWshHnT.VxZ0Gt.QzLM0WvPCHElCQWGyqCrVg.y', NULL),
	('BZ', 'Singgih Rakasiwi, S.Pd', 'Guru', 'Pengajar', 'singgih.rakasiwi@smk6solo.sch.id', 'Y', 'profilguru.png', '$2y$10$CrDjNYYoELMJMGfESYBp1.PWWP7VpScypB/JhoLUps1UCrTvCC2ya', NULL),
	('C', 'Ari Susilandari, S.Pd, M.Pd', 'Guru', 'Pengajar', 'ari.susilandari@smk6solo.sch.id', 'Y', 'profilguru.png', '$2y$10$0IxQT5I7ZPz.6XOKO/zkGeRt1w6mzbY0ffGoMmxsir.M30RmeS6iW', NULL),
	('CC', 'Yoga Ade Setiawan, S.Pd', 'Guru', 'Pengajar', 'yoga.ade.setiawan@smk6solo.sch.id', 'Y', 'profilguru.png', '$2y$10$Ss.7XJ1rlW3ON576oLQRluEq//w99XmgjvegOQGe7/3KINC6K04jG', NULL),
	('CD', 'Lugas Rekayasa Dewa, S.Sn', 'Guru', 'Pengajar', 'lugas.rekayasa.dewa@smk6solo.sch.id', 'Y', 'profilguru.png', '$2y$10$Cg7DuSJg66KHfFL875N8bOcFjqDYz2ZFp2OgwmCqDMwwCIhPXyBk6', NULL),
	('CG', 'Dinda Riski Pramessiwi, S.Pd', 'Guru', 'Pengajar', 'dinda.riski.pramessiwi@smk6solo.sch.id', 'Y', 'profilguru.png', '$2y$10$TWBkrAL6ZBTj.kDe/A/oxua2U8RS8tQUBp64v6Sc8ziIeCYlGNs.O', NULL),
	('CM', 'Nur Fitria Wijaya, S.Pd.', 'Guru', 'Pengajar', 'nur.fitria.wijaya@smk6solo.sch.id', 'Y', 'profilguru.png', '$2y$10$4GtpF99pBw0U9xyhNbT82uMHTmYh/5FR8Nmb4WvNpts8lLUXAzZiW', NULL),
	('CO', 'Sri Waluya, S.Pd.', 'Guru', 'Pengajar', 'sri.waluya@smk6solo.sch.id', 'Y', 'profilguru.png', '$2y$10$H2GlsbR9SS3Dh.HGvgAa4e34804baHJ6VKONvmrTAjDlCwfegqMCy', NULL),
	('CP', 'Susilowati, S.Pd', 'Guru', 'Pengajar', 'susilowati@smk6solo.sch.id', 'Y', 'profilguru.png', '$2y$10$kQ6hR2LqGjInBgXCp05Evu.Vm1HIGRunFmaPMGdxAJjnnu2uXfSQK', NULL),
	('CR', 'Zainal Arifin, S.Sos.I', 'Guru', 'Pengajar', 'zainal.arifin@smk6solo.sch.id', 'Y', 'profilguru.png', '$2y$10$CL1XvE.QThT/q4w0D2lQIu5J7AE0tXPpRROUWQVRV8zgcjAYHgnjq', NULL),
	('E', 'Wardaya, S.Pd', 'Guru', 'Pengajar', 'wardaya@smk6solo.sch.id', 'Y', 'profilguru.png', '$2y$10$/104I9I9IpZbhpPtzCcgvOr4uraiqxknir63dLa5Ze3H.FRzWtbpm', NULL),
	('GH', 'Hartono S Pd ', 'Guru', 'Pengajar', 'hartono1231@gmail.com', 'Y', 'profilguru.png', '$2y$10$Qv9xkFqJXC4.A0N0uU0jvebQuJhitu4k.J6Ia9t.iZ2898QRftqSO', NULL),
	('J', 'Hery Prakoso Utomo, S.Pd', 'Guru', 'Pengajar', 'hery.prakoso.utomo@smk6solo.sch.id', 'Y', 'profilguru.png', '$2y$10$mYFpOCLNPdMBeEP6rqXDZe5u06s4cunoWdCIvrb4ubFdthKleFYLa', NULL),
	('K', 'Endang Retno Palupi, S.Pd, M.Pd', 'Guru', 'Pengajar', 'endang.retno.palupi@smk6solo.sch.id', 'Y', 'profilguru.png', '$2y$10$CtMn2jxz2.OUfMIFxGiXC.1ZgToH7piBazECHCEHJaSBlMSyHzWpm', NULL),
	('M', 'Agustina Sri Wardani, S.Pd', 'Guru', 'Pengajar', 'agustina.sri.wardani@smk6solo.sch.id', 'Y', 'profilguru.png', '$2y$10$SJelgVs8raTDxnYNo0Rc/.VmCWcEhPZDQKCGXdcJcs2o6u/RCnbfW', NULL),
	('T', 'Wahyono, SE', 'Guru', 'Pengajar', 'wahyono@smk6solo.sch.id', 'Y', 'profilguru.png', '$2y$10$QVVFsD1uJ4wEcRlgwbF2NOAhHdRRv6TdMSE.FSwf9I8i40Yfrs1nq', NULL),
	('W', 'Indaruwati, S.Pd. M.Pd', 'Guru', 'Pengajar', 'indaruwati@smk6solo.sch.id', 'Y', 'profilguru.png', '$2y$10$u/8DLsgL5DTkZeMQvDv/te8KK/wrhT4y7QaIgOfC/Em7FtaahY5tu', NULL),
	('X', 'Danang Eko Sutrisno, S.Pd', 'Guru', 'Pengajar', 'danang.eko.sutrisno@smk6solo.sch.id', 'Y', 'profilguru.png', '$2y$10$oEDJQz.TPwQhyubSLbYJ9e69WNsNelha.Updz/dbM5FrI13wB48N.', NULL),
	('Z', 'Drs. Suprapto', 'Guru', 'Pengajar', 'suprapto@smk6solo.sch.id', 'Y', 'profilguru.png', '$2y$10$K46K4TlLjhYEvW.olEYxHugurlIVkHaY8GwUqmY/UotAe4K8PxwUu', NULL);

-- Dumping structure for table presensi.tbl_transaksi_hadir
CREATE TABLE IF NOT EXISTS `tbl_transaksi_hadir` (
  `tanggal_transaksi` date NOT NULL,
  `id_siswa` int NOT NULL,
  `id_staff` varchar(50) CHARACTER SET utf8mb3 COLLATE utf8mb3_unicode_ci NOT NULL DEFAULT '',
  `status` varchar(100) CHARACTER SET utf8mb3 COLLATE utf8mb3_unicode_ci NOT NULL,
  `keterangan` varchar(150) CHARACTER SET utf8mb3 COLLATE utf8mb3_unicode_ci NOT NULL,
  `waktu_presensi` datetime NOT NULL,
  `tahun` varchar(50) CHARACTER SET utf8mb3 COLLATE utf8mb3_unicode_ci NOT NULL DEFAULT '2023/2024',
  `semester` varchar(50) CHARACTER SET utf8mb3 COLLATE utf8mb3_unicode_ci NOT NULL DEFAULT 'Genap',
  PRIMARY KEY (`tanggal_transaksi`,`id_siswa`,`id_staff`) USING BTREE
) ENGINE=InnoDB DEFAULT CHARSET=utf8mb3 COLLATE=utf8mb3_unicode_ci;

-- Dumping data for table presensi.tbl_transaksi_hadir: ~8 rows (approximately)
INSERT INTO `tbl_transaksi_hadir` (`tanggal_transaksi`, `id_siswa`, `id_staff`, `status`, `keterangan`, `waktu_presensi`, `tahun`, `semester`) VALUES
	('2024-05-05', 373, 'BO', 'S', 'ijin sakit', '2024-05-05 12:35:30', '2023/2024', 'Genap'),
	('2024-05-05', 374, 'BO', 'A', 'bolos', '2024-05-05 12:58:40', '2023/2024', 'Genap'),
	('2024-05-05', 375, 'BO', 'I', 'acara', '2024-05-05 12:54:01', '2023/2024', 'Genap'),
	('2024-05-05', 376, 'BO', 'H', '', '2024-05-05 12:57:43', '2023/2024', 'Genap'),
	('2024-05-06', 302, 'AW', 'I', 'sakit', '2024-05-06 07:59:10', '2023/2024', 'Genap'),
	('2024-05-06', 374, 'CO', 'I', 'sakit', '2024-05-06 07:12:13', '2023/2024', 'Genap'),
	('2024-05-07', 375, 'BO', 'H', '', '2024-05-07 10:51:57', '2023/2024', 'Genap'),
	('2024-05-07', 376, 'BO', 'A', 'bolos', '2024-05-07 10:52:30', '2023/2024', 'Genap');

/*!40103 SET TIME_ZONE=IFNULL(@OLD_TIME_ZONE, 'system') */;
/*!40101 SET SQL_MODE=IFNULL(@OLD_SQL_MODE, '') */;
/*!40014 SET FOREIGN_KEY_CHECKS=IFNULL(@OLD_FOREIGN_KEY_CHECKS, 1) */;
/*!40101 SET CHARACTER_SET_CLIENT=@OLD_CHARACTER_SET_CLIENT */;
/*!40111 SET SQL_NOTES=IFNULL(@OLD_SQL_NOTES, 1) */;
